timestamp,temperature,humidity,pressure
2026-01-15T22:02:08,7.9,58.3,1015.0
2026-01-15T22:32:14,7.8,58.4,1015.4
2026-01-15T23:02:08,8.8,58.0,1015.6
2026-01-15T23:32:15,7.8,58.1,1015.9
2026-01-16T01:09:39,8.9,52.9,1016.2
2026-01-16T01:31:58,8.6,52.8,1016.4
2026-01-16T02:32:13,9.1,48.9,1017.0
2026-01-16T03:02:12,10.4,45.8,1017.2
2026-01-16T04:32:12,10.4,43.7,1017.7
2026-01-16T05:02:12,10.6,42.8,1018.0
2026-01-16T06:02:11,9.9,43.0,1018.2
2026-01-16T06:32:06,9.1,45.9,1018.2
2026-01-16T07:00:18,9.4,44.8,1018.4
2026-01-16T07:32:10,8.4,48.7,1018.7
2026-01-16T08:32:09,7.8,53.8,1019.4
2026-01-16T09:00:14,7.3,52.3,1019.6
2026-01-16T09:32:06,7.4,52.4,1019.8
2026-01-16T10:32:07,7.5,53.0,1020.4
2026-01-16T11:32:10,7.0,50.2,1020.4
2026-01-16T12:32:15,6.9,49.5,1020.7
2026-01-16T13:30:14,7.0,52.0,1020.8
2026-01-16T13:32:14,7.1,53.6,1020.9
2026-01-16T14:32:07,8.6,56.4,1020.7
2026-01-16T15:02:15,8.8,56.2,1020.6
2026-01-16T15:32:05,9.3,56.6,1020.7
2026-01-16T16:32:12,8.6,55.1,1021.0
2026-01-16T17:32:13,8.3,55.0,1020.9
2026-01-16T18:31:51,8.4,56.0,1021.4
2026-01-16T19:32:04,10.1,57.1,1021.8
2026-01-16T20:32:11,10.7,51.4,1021.9
2026-01-16T21:02:10,10.3,56.2,1022.1
2026-01-16T21:32:12,11.9,52.8,1022.1
2026-01-16T22:30:04,11.4,51.3,1022.4
2026-01-16T22:32:04,11.6,51.4,1022.4
2026-01-16T23:30:15,12.8,48.2,1022.7
2026-01-16T23:32:15,13.1,47.6,1022.7
2026-01-17T00:32:07,11.1,55.3,1022.9
2026-01-17T01:30:07,9.9,53.2,1022.3
2026-01-17T01:32:07,9.9,53.6,1022.2
2026-01-17T02:32:13,9.3,52.4,1022.4
2026-01-17T03:02:05,9.0,52.0,1022.4
2026-01-17T04:02:12,8.5,49.8,1022.7
2026-01-17T05:02:12,7.8,45.7,1022.8
2026-01-17T05:32:10,7.6,44.9,1022.8
2026-01-17T06:02:11,7.4,44.4,1023.0
2026-01-17T06:32:10,7.3,44.2,1023.1
2026-01-17T07:32:13,7.0,43.7,1023.5
2026-01-17T08:32:13,7.1,45.0,1024.0
2026-01-17T09:02:09,7.0,45.1,1024.2
2026-01-17T09:32:11,7.0,44.8,1024.4
2026-01-17T10:32:09,6.9,45.1,1024.6
2026-01-17T11:30:09,7.6,52.9,1024.4
2026-01-17T11:32:09,7.6,52.6,1024.4
2026-01-17T12:32:14,10.2,50.5,1024.2
2026-01-17T13:02:04,10.6,51.5,1024.2
2026-01-17T13:32:12,11.2,48.9,1024.1
2026-01-17T14:32:10,12.0,48.2,1024.4
2026-01-17T15:02:10,11.5,50.4,1024.5
2026-01-17T15:32:11,10.6,51.2,1024.6
2026-01-17T16:30:09,9.4,52.3,1025.1
2026-01-17T16:32:09,9.4,52.2,1025.0
2026-01-17T17:30:14,8.6,50.1,1025.4
2026-01-17T17:32:14,8.6,50.1,1025.2
2026-01-17T18:32:12,8.0,49.3,1025.4
2026-01-17T19:02:11,7.8,48.8,1025.7
2026-01-17T19:32:13,7.6,48.7,1025.9
2026-01-17T20:32:11,7.3,48.2,1026.0
2026-01-17T21:02:07,7.1,48.0,1026.1
2026-01-17T21:32:12,7.0,47.8,1026.4
2026-01-17T22:30:12,6.7,47.5,1026.6
2026-01-17T22:32:12,6.7,47.5,1026.6
2026-01-17T23:02:09,8.5,51.6,1026.7
2026-01-17T23:32:12,7.4,51.1,1026.7
2026-01-18T00:30:10,8.5,57.1,1026.8
2026-01-18T00:32:10,8.5,55.3,1026.9
2026-01-18T01:02:10,8.0,53.4,1026.8
2026-01-18T01:32:12,7.6,53.6,1026.8
2026-01-18T02:32:10,8.1,51.6,1027.0
2026-01-18T03:02:12,9.0,49.8,1026.8
2026-01-18T04:32:07,11.1,40.4,1026.9
2026-01-18T05:02:11,11.8,38.6,1026.9
2026-01-18T06:02:15,10.4,43.6,1027.2
2026-01-18T06:32:08,10.0,44.9,1027.2
2026-01-18T07:00:11,9.1,46.6,1027.5
2026-01-18T07:32:07,8.6,44.8,1027.5
2026-01-18T08:32:11,8.6,50.3,1027.8
2026-01-18T09:30:11,8.3,50.5,1028.0
2026-01-18T09:32:11,8.3,50.5,1028.0
2026-01-18T10:32:10,8.7,55.6,1027.9
2026-01-18T11:30:10,10.8,50.1,1027.8
2026-01-18T11:32:10,11.0,49.6,1027.8
2026-01-18T12:32:13,12.5,45.7,1027.3
2026-01-18T13:02:07,13.2,44.3,1027.2
2026-01-18T13:32:10,14.2,43.1,1027.0
2026-01-18T14:32:12,14.9,41.6,1026.8
2026-01-18T15:02:11,16.1,39.1,1026.6
2026-01-18T15:32:10,17.9,35.4,1026.8
2026-01-18T16:30:27,11.7,46.8,1026.8
2026-01-18T16:52:09,10.9,50.3,1026.9
2026-01-18T17:30:10,10.4,49.3,1026.9
2026-01-18T17:55:10,10.1,48.8,1026.9
2026-01-18T18:32:11,9.8,52.2,1027.2
2026-01-18T18:55:10,12.1,50.4,1027.0
2026-01-18T19:30:10,12.3,48.9,1027.2
2026-01-18T19:55:10,11.8,49.1,1027.2
2026-01-18T20:32:11,11.8,50.8,1027.2
2026-01-18T20:55:10,13.5,47.6,1027.3
2026-01-18T21:27:09,15.2,43.3,1027.2
2026-01-18T21:55:10,15.3,43.4,1027.1
2026-01-18T22:32:10,14.5,45.8,1027.1
2026-01-18T22:55:10,15.6,44.9,1026.9
2026-01-18T23:27:09,15.4,49.9,1027.0
2026-01-18T23:52:09,15.7,52.4,1026.8
2026-01-19T00:30:10,15.3,50.8,1026.7
2026-01-19T00:55:09,15.5,50.9,1026.6
2026-01-19T01:30:10,15.5,51.3,1026.4
2026-01-19T01:52:10,15.9,50.3,1026.4
2026-01-19T02:45:10,16.0,48.7,1026.3
2026-01-19T03:22:11,16.0,47.6,1025.9
2026-01-19T04:37:10,13.3,47.0,1025.8
2026-01-19T05:27:10,12.4,47.4,1025.3
2026-01-19T06:17:10,11.9,47.1,1025.6
2026-01-19T06:40:11,11.6,47.2,1025.8
2026-01-19T07:05:11,11.4,47.7,1025.8
2026-01-19T07:32:10,11.3,47.2,1025.7
2026-01-19T07:57:10,10.7,51.2,1025.9
2026-01-19T08:35:10,12.5,50.4,1025.8
2026-01-19T09:02:09,12.5,50.0,1026.1
2026-01-19T09:32:11,12.4,49.4,1026.2
2026-01-19T09:57:12,12.4,48.9,1026.0
2026-01-19T10:35:09,12.5,48.3,1026.0
2026-01-19T11:00:09,12.2,49.6,1026.0
2026-01-19T11:35:10,13.2,48.7,1026.0
2026-01-19T11:57:10,12.4,51.7,1025.9
2026-01-19T12:32:09,13.3,51.0,1025.6
2026-01-19T12:57:13,14.7,47.3,1025.3
2026-01-19T13:32:11,14.4,51.5,1024.9
2026-01-19T13:55:10,16.3,44.6,1024.6
2026-01-19T14:35:11,14.0,47.9,1024.5
2026-01-19T15:12:10,14.2,49.4,1024.3
2026-01-19T15:37:10,15.1,45.8,1024.3
2026-01-19T16:00:11,14.7,49.9,1024.3
2026-01-19T16:32:11,14.7,50.2,1024.0
2026-01-19T16:57:10,14.6,49.9,1023.8
2026-01-19T17:32:10,14.5,49.4,1023.6
2026-01-19T17:57:10,14.7,49.0,1023.3
2026-01-19T18:32:10,13.8,50.7,1023.3
2026-01-19T18:57:10,13.3,52.5,1023.3
2026-01-19T19:32:10,13.5,54.2,1023.1
2026-01-19T19:55:10,13.4,52.3,1023.0
2026-01-19T20:35:10,13.3,55.9,1022.7
2026-01-19T20:57:09,13.0,53.5,1022.6
2026-01-19T21:27:10,12.9,54.6,1022.5
2026-01-19T21:55:11,12.8,54.9,1022.4
2026-01-19T22:32:09,11.8,51.1,1022.2
2026-01-19T22:55:10,11.7,49.6,1022.1
2026-01-19T23:30:11,11.4,51.1,1021.9
2026-01-19T23:55:09,11.4,50.6,1021.7
2026-01-20T00:32:10,11.6,50.8,1021.7
2026-01-20T00:55:12,11.7,49.8,1021.5
2026-01-20T01:30:11,12.4,48.1,1021.3
2026-01-20T01:52:09,13.8,44.9,1021.0
2026-01-20T02:42:09,12.2,48.0,1020.8
2026-01-20T03:20:09,11.3,48.1,1020.5
2026-01-20T04:32:11,10.0,43.5,1019.8
2026-01-20T05:22:10,9.4,42.2,1019.4
2026-01-20T06:12:10,8.9,41.1,1019.1
2026-01-20T06:37:12,8.7,40.9,1018.9
2026-01-20T07:02:10,8.5,40.7,1018.8
2026-01-20T07:32:11,8.3,40.1,1018.6
2026-01-20T07:57:10,8.1,40.0,1018.6
2026-01-20T08:35:10,7.9,39.9,1018.5
2026-01-20T09:02:11,7.9,39.8,1018.3
2026-01-20T09:32:10,7.8,39.7,1018.3
2026-01-20T09:55:11,7.8,39.7,1018.3
2026-01-20T10:35:10,7.7,39.7,1018.1
2026-01-20T11:00:10,7.7,40.4,1018.0
2026-01-20T11:35:10,7.7,41.1,1017.7
2026-01-20T11:57:09,7.7,41.6,1017.4
2026-01-20T12:32:11,7.7,45.2,1017.0
2026-01-20T12:57:10,8.4,53.5,1016.7
2026-01-20T13:32:11,9.1,56.3,1016.3
2026-01-20T13:55:11,9.6,59.5,1015.9
2026-01-20T14:35:10,9.1,54.6,1015.6
2026-01-20T15:12:11,9.6,53.3,1015.4
2026-01-20T15:37:10,9.7,54.8,1015.1
2026-01-20T16:02:11,9.5,54.3,1014.9
2026-01-20T16:32:10,9.0,52.9,1014.5
2026-01-20T17:00:11,9.0,55.0,1014.4
2026-01-20T17:35:11,8.5,55.3,1014.2
2026-01-20T18:00:10,7.8,57.8,1014.0
2026-01-20T18:35:10,8.2,55.9,1013.8
2026-01-20T19:02:10,8.5,54.8,1013.6
2026-01-20T19:32:10,9.0,60.4,1013.3
2026-01-20T19:57:10,8.9,58.0,1013.2
2026-01-20T20:35:09,8.4,52.6,1012.8
2026-01-20T21:07:10,8.9,54.8,1012.6
2026-01-20T21:47:18,9.2,54.7,1012.2
2026-01-20T22:17:11,9.4,55.8,1012.0
2026-01-20T22:40:11,9.1,55.8,1012.0
2026-01-20T22:57:11,9.0,55.1,1011.8
2026-01-20T23:32:07,9.2,56.5,1011.4
2026-01-20T23:55:10,9.5,55.9,1011.2
2026-01-21T00:32:13,9.4,59.1,1011.1
2026-01-21T00:55:10,9.1,56.1,1011.0
2026-01-21T01:32:10,9.0,55.4,1010.7
2026-01-21T01:55:09,9.0,53.9,1010.6
2026-01-21T02:45:10,8.9,53.5,1010.1
2026-01-21T03:20:11,8.4,51.3,1009.9
2026-01-21T04:35:10,8.0,48.9,1009.1
2026-01-21T05:22:10,7.9,45.3,1008.7
2026-01-21T06:12:10,7.9,45.2,1008.5
2026-01-21T06:37:11,7.8,43.9,1008.5
2026-01-21T07:02:12,7.8,43.5,1008.2
2026-01-21T07:32:11,7.7,43.1,1008.1
2026-01-21T07:57:10,7.5,42.1,1007.9
2026-01-21T08:35:10,7.3,41.6,1007.6
2026-01-21T09:02:11,7.2,41.0,1007.5
2026-01-21T09:32:10,7.1,41.7,1007.3
2026-01-21T09:57:10,7.3,41.9,1007.1
2026-01-21T10:35:11,8.1,43.8,1007.0
2026-01-21T11:00:12,8.9,51.2,1006.7
2026-01-21T11:35:10,8.4,54.7,1006.3
2026-01-21T11:57:10,9.0,58.4,1006.0
2026-01-21T12:32:10,8.9,57.1,1005.6
2026-01-21T12:57:10,9.0,57.6,1005.3
2026-01-21T13:32:11,9.1,58.2,1005.0
2026-01-21T13:55:08,9.4,58.0,1004.9
2026-01-21T14:35:09,8.7,56.9,1004.5
2026-01-21T15:12:10,8.8,56.8,1004.2
2026-01-21T15:37:09,8.7,56.8,1004.0
2026-01-21T15:42:09,8.7,57.0,1004.0
2026-01-21T16:35:11,8.8,59.3,1003.8
2026-01-21T17:00:11,8.8,59.3,1003.5
2026-01-21T17:35:10,8.7,59.5,1003.3
2026-01-21T18:00:11,8.5,59.4,1003.2
2026-01-21T18:37:14,8.3,59.0,1002.8
2026-01-21T19:15:09,8.5,61.7,1002.9
2026-01-21T19:42:09,8.7,63.0,1002.5
2026-01-21T20:07:09,8.5,62.2,1002.2
2026-01-21T20:35:12,8.3,62.8,1002.1
2026-01-21T21:05:11,8.2,62.6,1001.9
2026-01-21T21:32:12,8.1,62.6,1001.9
2026-01-21T21:57:10,7.8,61.4,1001.7
2026-01-21T22:35:12,8.4,60.2,1001.5
2026-01-21T23:00:11,7.9,59.5,1001.4
2026-01-21T23:32:10,8.2,61.5,1001.1
2026-01-21T23:57:10,7.9,61.3,1001.1
2026-01-22T00:32:10,7.4,61.0,1001.0
2026-01-22T00:57:12,7.7,60.0,1001.1
2026-01-22T01:32:10,8.3,61.5,1000.7
2026-01-22T01:57:11,7.9,62.1,1000.6
2026-01-22T02:42:12,7.7,63.3,1000.2
2026-01-22T03:20:10,7.4,63.9,999.8
2026-01-22T04:35:10,7.3,58.4,999.2
2026-01-22T05:25:08,7.1,56.8,999.2
2026-01-22T06:15:09,6.9,55.8,999.1
2026-01-22T06:37:11,7.1,54.8,999.0
2026-01-22T07:02:10,7.1,54.5,999.2
2026-01-22T07:32:10,7.1,53.9,999.2
2026-01-22T07:57:10,7.1,53.6,999.2
2026-01-22T08:35:10,7.0,53.3,999.2
2026-01-22T09:00:10,7.0,53.0,999.1
2026-01-22T09:32:10,7.0,52.9,999.0
2026-01-22T09:55:11,7.0,52.8,998.9
2026-01-22T10:35:11,7.0,52.8,998.7
2026-01-22T11:00:10,6.9,53.8,998.5
2026-01-22T11:35:09,8.8,59.5,998.1
2026-01-22T11:57:11,8.5,61.2,998.1
2026-01-22T12:32:11,8.9,65.8,998.1
2026-01-22T12:57:10,9.0,64.6,998.1
2026-01-22T13:32:10,8.8,70.0,998.0
2026-01-22T13:55:12,8.5,66.3,997.8
2026-01-22T14:35:11,9.2,65.2,997.8
2026-01-22T15:12:10,8.9,64.0,997.7
2026-01-22T15:37:11,8.8,66.0,997.7
2026-01-22T16:02:10,8.6,64.8,997.9
2026-01-22T16:32:09,8.7,63.0,997.8
2026-01-22T17:00:10,8.8,62.2,997.9
2026-01-22T17:35:11,8.7,61.5,998.0
2026-01-22T18:00:09,8.8,62.0,998.0
2026-01-22T18:35:10,9.1,61.2,998.1
2026-01-22T19:02:10,8.8,62.1,998.2
2026-01-22T19:32:10,9.0,60.8,998.2
2026-01-22T19:57:10,9.2,60.7,998.2
2026-01-22T20:35:10,9.3,61.8,998.1
2026-01-22T21:00:11,9.5,64.2,998.0
2026-01-22T21:32:10,9.5,63.0,997.9
2026-01-22T21:55:09,9.4,62.1,998.2
2026-01-22T22:32:11,9.6,61.7,998.2
2026-01-22T22:57:13,9.9,64.6,998.2
2026-01-22T23:32:10,9.7,65.0,998.4
2026-01-22T23:57:09,9.6,64.7,998.5
2026-01-23T00:32:12,9.4,64.7,998.5
2026-01-23T00:57:09,9.6,65.0,998.6
2026-01-23T01:30:11,9.2,65.1,998.5
2026-01-23T01:55:10,9.3,66.1,998.6
2026-01-23T02:42:11,9.0,64.1,998.6
2026-01-23T03:20:10,9.1,63.1,998.6
2026-01-23T04:32:10,8.9,58.6,998.7
2026-01-23T05:22:11,8.8,57.0,998.8
2026-01-23T06:12:10,8.7,56.3,998.9
2026-01-23T06:35:10,8.7,55.8,999.0
2026-01-23T07:02:09,8.7,58.0,999.1
2026-01-23T07:32:12,8.6,57.9,999.3
2026-01-23T07:55:10,8.6,57.6,999.3
2026-01-23T08:35:08,8.5,57.6,999.6
2026-01-23T09:00:10,8.3,57.1,999.6
2026-01-23T09:32:10,8.1,56.3,999.6
2026-01-23T09:55:10,8.2,56.6,999.7
2026-01-23T10:35:11,8.3,58.5,999.6
2026-01-23T10:57:10,8.3,58.0,999.7
2026-01-23T11:32:11,9.7,60.7,999.7
2026-01-23T11:57:09,9.5,58.9,999.7
2026-01-23T12:32:09,9.2,58.2,999.6
2026-01-23T12:57:10,9.6,58.9,999.8
2026-01-23T13:30:09,9.9,62.0,999.8
2026-01-23T13:55:12,9.5,61.5,999.8
2026-01-23T14:35:10,10.1,61.7,1000.0
2026-01-23T15:10:12,10.2,62.9,1000.1
2026-01-23T15:35:11,10.0,61.9,1000.2
2026-01-23T15:57:09,10.0,63.2,1000.3
2026-01-23T16:32:11,10.1,62.9,1000.4
2026-01-23T16:57:09,9.9,62.1,1000.6
2026-01-23T17:32:17,9.6,62.5,1000.6
2026-01-23T17:57:10,9.8,62.3,1000.7
2026-01-23T18:35:11,9.8,60.6,1000.7
2026-01-23T19:00:10,9.8,59.8,1000.8
2026-01-23T19:30:10,9.5,60.4,1000.9
2026-01-23T19:55:10,9.1,63.0,1000.9
2026-01-23T20:35:10,9.1,62.9,1001.2
2026-01-23T21:00:11,9.3,59.8,1001.3
2026-01-23T21:30:10,10.0,62.0,1001.4
2026-01-23T21:55:12,9.8,63.5,1001.5
2026-01-23T22:32:18,10.5,62.7,1001.5
2026-01-23T22:55:11,10.4,61.9,1001.8
2026-01-23T23:30:11,10.4,62.7,1001.8
2026-01-23T23:55:09,10.4,63.5,1001.8
2026-01-24T00:30:11,10.2,62.4,1002.1
2026-01-24T00:55:09,10.4,60.7,1002.2
2026-01-24T01:30:11,10.3,61.8,1002.3
2026-01-24T01:52:11,10.1,63.3,1002.2
2026-01-24T02:42:10,10.3,62.1,1002.1
2026-01-24T03:20:11,10.1,59.7,1002.3
2026-01-24T04:30:10,9.6,57.7,1002.7
2026-01-24T05:20:10,9.5,55.0,1002.8
2026-01-24T06:07:10,9.4,52.8,1002.8
2026-01-24T06:35:10,9.3,52.4,1002.6
2026-01-24T06:57:10,9.3,52.0,1002.8
2026-01-24T07:32:10,9.2,50.4,1003.0
2026-01-24T07:55:10,9.1,49.8,1003.2
2026-01-24T08:35:09,9.0,48.5,1003.3
2026-01-24T08:57:10,8.9,47.7,1003.6
2026-01-24T09:30:11,8.7,47.1,1003.6
2026-01-24T09:55:10,8.6,46.9,1003.9
2026-01-24T10:32:11,8.7,52.7,1004.0
2026-01-24T10:57:10,9.3,56.7,1004.1
2026-01-24T11:30:10,9.1,60.0,1004.1
2026-01-24T11:52:10,9.1,55.5,1004.0
2026-01-24T12:32:10,9.4,55.3,1004.0
2026-01-24T12:55:12,9.6,54.1,1003.8
2026-01-24T13:27:09,9.9,56.7,1003.8
2026-01-24T13:52:11,10.3,55.5,1003.9
2026-01-24T14:35:11,10.0,55.9,1003.9
2026-01-24T15:05:10,10.1,54.4,1004.0
2026-01-24T15:32:10,9.6,57.4,1004.0
2026-01-24T15:55:10,9.9,56.1,1004.2
2026-01-24T16:30:10,9.8,56.5,1004.6
2026-01-24T16:52:11,10.1,54.7,1004.9
2026-01-24T17:30:09,9.7,57.0,1004.7
2026-01-24T17:55:09,9.0,59.9,1005.0
2026-01-24T18:32:11,9.0,58.0,1004.8
2026-01-24T18:55:11,8.8,57.4,1004.9
2026-01-24T19:30:11,8.9,59.1,1004.9
2026-01-24T19:55:10,8.8,58.2,1005.2
2026-01-24T20:32:11,8.6,50.2,1005.4
2026-01-24T20:57:10,9.5,56.1,1005.2
2026-01-24T21:27:11,9.2,56.7,1005.4
2026-01-24T21:55:11,9.3,60.0,1005.3
2026-01-24T22:30:10,10.1,59.7,1005.3
2026-01-24T22:55:09,10.0,59.5,1005.1
2026-01-24T23:27:10,10.2,59.3,1005.3
2026-01-24T23:55:10,10.3,58.8,1005.6
2026-01-25T00:30:11,9.9,58.5,1005.8
2026-01-25T00:55:11,9.7,55.8,1005.8
2026-01-25T01:30:11,9.7,54.7,1006.0
2026-01-25T01:55:11,9.7,53.6,1005.9
2026-01-25T02:47:12,9.4,53.0,1005.9
2026-01-25T03:25:10,8.8,52.8,1005.8
2026-01-25T04:42:10,7.9,46.6,1005.7
2026-01-25T05:30:11,8.0,47.3,1005.7
2026-01-25T06:17:10,8.1,44.7,1005.7
2026-01-25T06:42:11,8.2,43.7,1005.8
2026-01-25T07:02:11,8.3,44.8,1005.8
2026-01-25T07:32:09,8.3,42.7,1005.9
2026-01-25T07:57:09,8.4,43.7,1006.2
2026-01-25T08:35:09,8.5,42.6,1006.3
2026-01-25T08:57:09,8.5,43.6,1006.6
2026-01-25T09:30:11,8.6,43.1,1006.5
2026-01-25T09:55:09,8.7,44.8,1006.6
2026-01-25T10:32:10,8.7,52.0,1006.9
2026-01-25T10:57:09,8.8,52.4,1006.8
2026-01-25T11:32:11,8.9,46.8,1006.4
2026-01-25T11:55:10,9.7,59.6,1006.6
2026-01-25T12:32:10,10.1,60.3,1006.5
2026-01-25T12:55:11,10.4,61.4,1006.4
2026-01-25T13:27:09,9.5,60.6,1006.3
2026-01-25T13:55:09,9.3,58.4,1006.3
2026-01-25T14:35:12,9.6,58.4,1006.4
2026-01-25T15:07:11,9.7,58.4,1006.2
2026-01-25T15:32:11,10.2,58.2,1006.5
2026-01-25T15:55:10,9.5,59.8,1006.8
2026-01-25T16:30:10,9.3,59.4,1006.2
2026-01-25T16:55:10,9.1,58.9,1006.0
2026-01-25T17:30:10,9.6,58.4,1006.3
2026-01-25T17:55:10,10.6,60.9,1006.5
2026-01-25T18:32:10,10.9,64.2,1006.7
2026-01-25T18:57:12,11.0,63.8,1006.6
2026-01-25T19:30:11,11.2,64.6,1006.3
2026-01-25T19:55:10,10.6,63.5,1006.2
2026-01-25T20:32:10,10.4,61.2,1006.3
2026-01-25T20:57:14,9.8,63.8,1006.0
2026-01-25T21:27:09,10.1,61.1,1006.4
2026-01-25T21:55:10,10.5,61.5,1006.1
2026-01-25T22:32:10,10.7,63.5,1006.0
2026-01-25T22:55:12,11.1,63.5,1005.9
2026-01-25T23:27:09,10.9,67.5,1005.7
2026-01-25T23:55:10,11.1,63.5,1005.7
2026-01-26T00:32:10,11.3,63.0,1005.6
2026-01-26T00:55:09,11.0,64.7,1005.6
2026-01-26T01:30:09,10.5,65.2,1005.2
2026-01-26T01:55:09,10.2,64.9,1004.9
2026-01-26T02:47:11,9.9,65.2,1004.8
2026-01-26T03:22:10,10.7,63.6,1004.1
2026-01-26T04:40:09,9.7,60.0,1003.6
2026-01-26T05:32:10,9.6,58.7,1003.3
2026-01-26T06:17:09,9.7,58.0,1002.8
2026-01-26T06:42:10,9.8,57.5,1002.9
2026-01-26T07:07:09,9.8,57.5,1002.6
2026-01-26T07:32:12,9.8,58.8,1002.5
2026-01-26T07:57:10,9.8,59.6,1002.6
2026-01-26T08:35:10,9.9,59.8,1002.4
2026-01-26T09:02:10,9.9,64.5,1002.3
2026-01-26T09:32:10,9.8,65.2,1002.5
2026-01-26T09:55:11,9.8,65.5,1002.6
2026-01-26T10:35:10,9.9,65.5,1002.3
2026-01-26T11:00:11,9.9,64.3,1002.0
2026-01-26T11:35:11,10.2,64.8,1001.7
2026-01-26T11:57:10,10.6,64.5,1001.5
2026-01-26T12:32:11,10.8,65.2,1001.3
2026-01-26T12:57:12,11.3,63.9,1001.1
2026-01-26T13:30:10,12.3,65.2,1000.7
2026-01-26T13:55:11,12.0,66.8,1000.4
2026-01-26T14:35:10,11.8,69.1,1000.2
2026-01-26T15:12:10,12.7,66.6,999.9
2026-01-26T15:37:10,12.6,67.0,999.7
2026-01-26T16:00:10,12.5,66.9,999.4
2026-01-26T16:32:10,12.3,66.3,999.3
2026-01-26T16:57:11,12.3,65.2,999.1
2026-01-26T17:32:11,12.9,65.6,999.1
2026-01-26T17:57:10,13.2,65.5,999.1
2026-01-26T18:35:11,12.8,68.2,998.7
2026-01-26T19:02:09,13.3,68.7,998.7
2026-01-26T19:32:10,13.0,69.2,998.8
2026-01-26T19:57:09,12.9,68.9,998.8
2026-01-26T20:35:10,12.3,68.7,998.5
2026-01-26T21:02:11,12.3,68.1,998.4
2026-01-26T21:32:10,11.5,67.3,998.4
2026-01-26T21:55:09,11.8,67.8,998.3
2026-01-26T22:32:12,11.5,69.7,998.0
2026-01-26T22:57:09,11.5,69.4,998.1
2026-01-26T23:32:09,12.7,69.6,997.8
2026-01-26T23:57:11,12.9,67.6,997.8
2026-01-27T00:32:10,12.4,68.3,997.6
2026-01-27T00:57:11,12.3,68.4,997.4
2026-01-27T01:32:11,12.0,70.7,997.1
2026-01-27T01:55:10,11.5,70.6,996.9
2026-01-27T02:45:09,11.4,71.0,996.4
2026-01-27T03:22:10,11.6,69.0,996.3
2026-01-27T04:37:09,11.0,66.3,995.8
2026-01-27T05:27:11,10.9,66.0,995.4
2026-01-27T06:12:10,11.0,65.8,995.0
2026-01-27T06:37:10,11.0,65.2,994.9
2026-01-27T07:02:10,11.1,64.9,995.0
2026-01-27T07:32:10,11.0,64.7,995.2
2026-01-27T07:57:10,11.0,64.1,995.0
2026-01-27T08:35:10,11.0,64.0,995.0
2026-01-27T09:02:11,11.1,64.0,994.8
2026-01-27T09:32:10,12.1,69.5,994.8
2026-01-27T09:55:10,12.3,69.0,994.6
2026-01-27T10:35:09,12.6,68.3,994.7
2026-01-27T11:00:10,12.6,68.2,994.4
2026-01-27T11:35:10,12.4,68.2,993.9
2026-01-27T11:57:09,12.7,67.2,993.7
2026-01-27T12:32:10,12.8,67.4,993.3
2026-01-27T12:57:11,12.4,66.9,993.0
2026-01-27T13:32:11,11.8,69.0,992.9
2026-01-27T13:55:12,11.5,68.4,992.9
2026-01-27T14:35:11,12.2,68.2,992.8
2026-01-27T15:12:10,12.1,67.0,992.5
2026-01-27T15:37:10,12.4,67.4,992.2
2026-01-27T16:02:10,12.0,67.5,992.4
2026-01-27T16:35:10,12.2,68.4,992.3
2026-01-27T17:00:09,12.3,67.1,992.5
2026-01-27T17:35:10,12.1,66.9,992.4
2026-01-27T17:57:10,12.4,65.6,992.4
2026-01-27T18:35:12,12.4,65.2,992.4
2026-01-27T19:00:11,12.4,64.9,992.1
2026-01-27T19:32:09,12.0,64.7,992.2
2026-01-27T19:57:10,12.3,65.6,992.1
2026-01-27T20:35:11,12.4,66.1,991.8
2026-01-27T21:02:11,12.3,65.6,991.8
2026-01-27T21:32:10,12.9,75.5,991.8
2026-01-27T21:55:11,12.6,69.6,991.7
2026-01-27T22:32:10,12.3,70.5,991.6
2026-01-27T22:57:10,12.9,69.7,991.5
2026-01-27T23:30:09,12.8,68.8,991.3
2026-01-27T23:55:10,13.1,67.8,991.0
2026-01-28T00:32:11,13.0,67.7,990.8
2026-01-28T00:55:09,12.4,67.0,990.8
2026-01-28T01:32:11,12.4,67.2,990.6
2026-01-28T01:55:10,11.9,66.5,990.7
2026-01-28T02:42:11,11.2,66.0,990.4
2026-01-28T03:20:09,11.6,64.3,990.2
2026-01-28T04:35:11,12.2,63.5,989.8
2026-01-28T05:25:10,12.3,62.0,989.6
2026-01-28T06:12:11,12.3,60.8,989.6
2026-01-28T06:37:10,12.4,60.4,989.5
2026-01-28T07:02:11,12.3,60.0,989.4
2026-01-28T07:32:09,12.3,59.6,989.4
2026-01-28T07:57:10,12.4,59.5,989.6
2026-01-28T08:35:10,12.5,59.5,989.5
2026-01-28T09:00:10,12.5,59.2,989.7
2026-01-28T09:32:11,12.3,59.7,989.6
2026-01-28T09:55:10,12.1,59.8,989.6
2026-01-28T10:35:10,11.9,63.8,989.7
2026-01-28T11:00:10,11.9,64.6,989.6
2026-01-28T11:35:10,12.4,64.5,989.1
2026-01-28T11:57:10,12.9,66.2,989.1
2026-01-28T12:32:09,14.1,69.2,988.9
2026-01-28T12:57:10,13.9,68.6,988.9
2026-01-28T13:32:09,13.6,69.7,988.5
2026-01-28T13:55:10,13.6,71.3,988.5
2026-01-28T14:35:10,13.4,70.6,988.3
2026-01-28T15:12:12,13.8,69.6,988.4
2026-01-28T15:37:11,13.6,70.0,988.3
2026-01-28T16:02:11,13.5,71.1,988.3
2026-01-28T16:35:10,13.6,70.8,988.2
2026-01-28T17:00:12,13.5,70.2,988.2
2026-01-28T17:35:11,13.4,68.8,987.9
2026-01-28T18:00:12,13.4,67.9,987.9
2026-01-28T18:35:11,13.9,68.9,987.8
2026-01-28T19:05:11,14.3,67.6,987.8
2026-01-28T19:35:10,13.6,69.7,987.8
2026-01-28T19:57:10,13.9,69.1,987.5
2026-01-28T20:35:10,14.0,68.2,987.2
2026-01-28T21:02:11,13.8,69.0,986.7
2026-01-28T21:32:11,14.0,68.4,986.7
2026-01-28T21:57:11,14.3,68.5,986.7
2026-01-28T22:35:10,13.7,68.5,986.8
2026-01-28T23:00:10,13.8,68.4,987.0
2026-01-28T23:35:10,13.7,68.4,986.7
2026-01-28T23:57:12,13.3,69.4,986.4
2026-01-29T00:32:10,13.1,67.5,986.2
2026-01-29T00:57:10,12.7,67.6,986.2
2026-01-29T01:32:10,12.5,67.2,986.0
2026-01-29T01:57:09,11.8,68.9,985.6
2026-01-29T02:50:09,11.4,68.5,985.7
2026-01-29T03:27:09,11.5,68.1,985.9
2026-01-29T04:47:09,11.2,68.7,985.9
2026-01-29T05:37:11,11.4,73.5,985.7
2026-01-29T06:22:10,11.3,73.7,985.3
2026-01-29T07:12:11,11.3,74.3,985.7
2026-01-29T07:37:09,11.3,73.5,985.9
2026-01-29T08:05:10,11.2,74.3,986.0
2026-01-29T08:37:10,11.4,74.8,986.2
2026-01-29T09:07:10,12.2,70.6,986.3
2026-01-29T09:35:11,11.8,71.4,986.4
2026-01-29T10:02:12,11.8,71.4,986.8
2026-01-29T10:35:10,11.9,71.8,986.7
2026-01-29T11:05:09,11.5,70.7,987.0
2026-01-29T11:35:10,11.8,68.9,987.2
2026-01-29T12:05:10,12.2,70.2,987.1
2026-01-29T12:35:10,12.1,70.8,987.1
2026-01-29T13:05:10,12.0,70.2,987.1
2026-01-29T13:35:10,11.5,71.2,987.0
2026-01-29T13:57:10,12.3,70.4,986.9
2026-01-29T14:37:11,12.6,69.8,987.1
2026-01-29T15:17:09,13.2,70.4,987.4
2026-01-29T15:45:11,13.4,70.6,987.7
2026-01-29T16:07:11,14.0,74.0,988.0
2026-01-29T16:35:11,13.5,74.9,988.3
2026-01-29T17:05:09,13.7,74.9,988.7
2026-01-29T17:35:11,13.7,75.2,988.8
2026-01-29T18:02:11,13.9,75.5,988.8
2026-01-29T18:37:11,13.9,74.9,988.9
2026-01-29T19:05:10,13.7,74.6,989.2
2026-01-29T19:35:10,13.4,74.1,989.5
2026-01-29T20:02:09,13.8,71.8,989.9
2026-01-29T20:35:11,12.9,75.8,989.9
2026-01-29T21:07:09,13.0,74.5,989.6
2026-01-29T21:32:12,12.7,73.4,989.9
2026-01-29T21:57:10,12.6,71.5,990.1
2026-01-29T22:35:10,12.6,72.6,990.4
2026-01-29T22:57:12,12.4,71.6,990.5
2026-01-29T23:32:09,13.3,71.7,990.7
2026-01-29T23:57:11,13.3,71.4,990.6
2026-01-30T00:32:10,11.9,72.9,990.3
2026-01-30T00:57:11,11.8,72.9,990.8
2026-01-30T01:32:10,12.3,72.3,991.1
2026-01-30T01:57:09,12.1,70.0,991.3
2026-01-30T02:50:09,11.7,68.4,991.8
2026-01-30T03:27:11,11.6,66.9,991.8
2026-01-30T04:47:11,11.3,64.7,991.5
2026-01-30T05:37:11,11.1,63.8,992.2
2026-01-30T06:22:10,11.1,62.0,992.2
2026-01-30T07:12:09,10.6,62.2,993.0
2026-01-30T07:37:10,10.4,61.0,993.1
2026-01-30T08:05:11,10.3,59.9,993.2
2026-01-30T08:37:10,10.2,59.3,993.2
2026-01-30T09:10:11,10.1,59.3,993.2
2026-01-30T09:35:10,10.0,58.7,993.3
2026-01-30T10:02:10,10.0,60.6,993.4
2026-01-30T10:35:09,10.1,62.8,993.0
2026-01-30T11:05:10,10.1,64.7,992.9
2026-01-30T11:35:10,10.3,65.2,993.0
2026-01-30T12:02:11,10.5,65.6,992.8
2026-01-30T12:35:10,11.8,67.8,992.7
2026-01-30T13:02:12,12.1,68.2,992.8
2026-01-30T13:32:09,12.1,68.4,992.7
2026-01-30T13:57:11,12.5,68.0,992.7
2026-01-30T14:37:10,12.7,67.6,992.7
2026-01-30T15:17:10,12.8,68.5,993.1
2026-01-30T15:42:10,12.6,68.8,993.3
2026-01-30T16:05:10,12.5,69.8,993.5
2026-01-30T16:35:10,12.1,69.8,993.8
2026-01-30T17:02:10,12.1,67.8,994.1
2026-01-30T17:35:11,11.9,70.1,994.3
2026-01-30T18:02:11,11.6,69.3,994.5
2026-01-30T18:35:10,12.1,64.6,994.5
2026-01-30T19:05:10,12.2,67.8,994.5
2026-01-30T19:35:10,11.8,68.7,994.7
2026-01-30T20:02:11,11.8,67.6,994.7
2026-01-30T20:35:10,12.0,65.3,994.9
2026-01-30T21:05:10,12.0,65.3,994.8
2026-01-30T21:32:10,11.8,66.0,994.8
2026-01-30T21:57:10,12.0,64.2,995.0
2026-01-30T22:35:10,12.7,65.4,995.0
2026-01-30T23:00:10,13.4,64.1,995.1
2026-01-30T23:32:11,13.9,61.4,995.1
2026-01-30T23:55:10,13.6,63.1,995.0
2026-01-31T00:32:11,13.7,62.5,995.2
2026-01-31T00:57:10,13.7,62.0,995.2
2026-01-31T01:32:11,13.3,61.9,995.4
2026-01-31T01:57:12,13.3,61.7,995.4
2026-01-31T03:25:09,13.5,60.5,995.2
2026-01-31T04:45:10,12.8,61.2,995.4
2026-01-31T05:35:11,12.1,62.3,995.6
2026-01-31T06:22:10,11.9,61.4,995.6
2026-01-31T07:10:10,11.8,58.8,995.8
2026-01-31T07:35:10,11.8,58.1,995.8
2026-01-31T08:02:10,11.7,56.2,996.0
2026-01-31T08:35:10,11.5,53.6,996.1
2026-01-31T09:02:12,12.0,62.2,996.3
2026-01-31T09:35:10,12.1,61.3,996.5
2026-01-31T09:57:10,12.2,61.1,996.6
2026-01-31T10:35:10,13.1,57.0,996.7
2026-01-31T10:57:10,13.1,56.0,996.8
2026-01-31T11:32:11,12.4,58.1,996.8
2026-01-31T11:57:11,12.8,61.3,997.1
2026-01-31T12:32:10,12.3,63.8,996.9
2026-01-31T12:57:10,11.9,64.3,997.1
2026-01-31T13:30:10,12.2,65.9,996.9
2026-01-31T13:55:12,12.0,60.9,997.1
2026-01-31T14:35:10,12.4,61.8,997.1
2026-01-31T15:10:10,12.6,61.2,997.5
2026-01-31T15:37:10,12.7,60.7,997.7
2026-01-31T16:00:10,12.6,61.0,998.0
2026-01-31T16:32:10,12.2,61.9,998.2
2026-01-31T16:57:10,11.8,60.6,998.5
2026-01-31T17:32:09,11.9,61.0,998.7
2026-01-31T17:57:09,11.9,62.5,999.0
2026-01-31T18:32:11,11.1,62.0,999.3
2026-01-31T18:57:10,10.9,57.8,999.4
2026-01-31T19:32:11,10.6,58.2,999.8
2026-01-31T19:57:09,10.5,57.9,999.9
2026-01-31T20:35:11,10.7,59.2,1000.3
2026-01-31T21:00:12,10.7,63.1,1000.5
2026-01-31T21:30:13,10.7,63.4,1001.0
2026-01-31T21:55:11,10.6,64.9,1001.0
2026-01-31T22:32:10,10.6,65.0,1001.4
2026-01-31T22:57:10,10.6,65.0,1001.7
2026-01-31T23:32:11,11.5,67.3,1001.9
2026-01-31T23:55:11,11.5,67.3,1001.9
2026-02-01T00:32:09,10.9,66.4,1002.1
2026-02-01T00:57:10,10.7,66.3,1002.1
2026-02-01T01:32:11,10.4,66.8,1002.4
2026-02-01T01:55:12,10.1,64.9,1002.3
2026-02-01T02:57:10,9.9,63.1,1002.8
2026-02-01T04:05:10,9.8,60.0,1003.3
2026-02-01T05:27:11,9.8,59.6,1003.7
2026-02-01T06:37:10,9.4,60.5,1004.5
2026-02-01T07:20:12,9.2,58.6,1004.8
2026-02-01T08:10:10,9.0,58.3,1005.3
2026-02-01T08:37:10,8.9,58.3,1005.8
2026-02-01T09:07:10,8.9,57.4,1006.0
2026-02-01T09:35:12,8.9,58.2,1006.2
2026-02-01T09:57:11,8.9,58.3,1006.1
2026-02-01T10:35:10,8.9,58.1,1006.2
2026-02-01T11:00:16,9.1,58.1,1006.0
2026-02-01T11:35:11,10.3,62.4,1005.9
2026-02-01T11:57:09,10.4,61.7,1005.8
2026-02-01T12:32:11,10.4,61.3,1006.1
2026-02-01T12:57:11,10.3,58.9,1006.0
2026-02-01T13:30:11,10.4,62.8,1005.8
2026-02-01T13:55:10,10.6,63.4,1005.9
2026-02-01T14:35:10,11.0,59.0,1006.1
2026-02-01T15:12:10,12.2,59.8,1005.9
2026-02-01T15:37:10,12.1,60.5,1006.0
2026-02-01T16:00:11,12.0,61.2,1006.2
2026-02-01T16:32:10,11.7,61.2,1006.4
2026-02-01T16:57:10,11.4,61.6,1006.4
2026-02-01T17:32:10,12.1,59.8,1006.2
2026-02-01T17:57:10,12.3,58.2,1006.2
2026-02-01T18:35:10,11.8,58.1,1006.4
2026-02-01T18:57:10,11.9,58.7,1006.3
2026-02-01T19:32:10,11.3,57.7,1006.6
2026-02-01T19:57:12,10.5,60.0,1006.2
2026-02-01T20:35:12,10.3,56.3,1006.6
2026-02-01T21:02:13,10.0,58.1,1006.7
2026-02-01T21:32:10,9.8,56.6,1006.9
2026-02-01T21:55:11,10.0,61.1,1006.8
2026-02-01T22:32:10,9.9,62.5,1007.0
2026-02-01T22:57:11,9.7,61.4,1007.4
2026-02-01T23:32:11,9.2,54.7,1007.4
2026-02-01T23:55:11,8.8,53.4,1007.5
2026-02-02T00:32:15,8.9,53.7,1007.4
2026-02-02T00:57:09,9.7,50.4,1006.9
2026-02-02T01:32:10,10.0,47.5,1006.4
2026-02-02T01:57:08,10.6,49.5,1006.6
2026-02-02T02:52:11,10.0,54.6,1006.1
2026-02-02T04:05:10,9.9,53.9,1005.9
2026-02-02T05:22:12,8.4,46.2,1006.1
2026-02-02T06:35:10,8.0,43.2,1005.4
2026-02-02T07:20:09,8.4,42.0,1005.7
2026-02-02T08:12:10,9.1,51.3,1005.4
2026-02-02T08:42:09,8.9,47.1,1005.4
2026-02-02T09:15:11,8.9,45.6,1005.4
2026-02-02T09:40:10,8.9,45.0,1005.1
2026-02-02T10:02:11,8.8,45.8,1004.9
2026-02-02T10:35:09,8.5,45.6,1005.2
2026-02-02T11:07:11,8.2,46.3,1005.5
2026-02-02T11:37:09,8.7,43.7,1005.1
2026-02-02T12:07:09,9.7,51.9,1004.9
2026-02-02T12:37:11,10.2,54.3,1004.6
2026-02-02T13:07:09,11.2,53.3,1004.3
2026-02-02T13:35:09,11.8,52.4,1004.1
2026-02-02T14:00:11,12.8,52.5,1003.7
2026-02-02T14:37:10,12.9,52.4,1003.7
2026-02-02T15:17:10,13.2,52.7,1003.7
2026-02-02T15:47:11,12.6,54.3,1003.7
2026-02-02T16:10:10,12.5,53.8,1003.7
2026-02-02T16:37:10,12.0,55.4,1003.6
2026-02-02T17:05:10,12.3,54.8,1003.6
2026-02-02T17:35:11,12.4,54.5,1003.5
2026-02-02T18:02:09,11.8,55.3,1003.5
2026-02-02T18:35:09,11.5,56.2,1003.7
2026-02-02T19:07:10,12.3,55.4,1003.8
2026-02-02T19:35:10,11.5,56.3,1003.8
2026-02-02T20:05:10,11.5,54.9,1003.9
2026-02-02T20:35:12,11.4,53.0,1003.9
2026-02-03T01:05:11,12.1,53.8,1004.1
2026-02-03T01:32:10,11.8,56.3,1004.3
2026-02-03T01:57:11,11.2,53.5,1004.2
2026-02-03T02:52:10,10.9,50.2,1004.5
2026-02-03T04:05:10,10.6,50.6,1004.4
2026-02-03T05:17:11,9.8,41.9,1004.6
2026-02-03T06:12:09,9.7,39.7,1004.8
2026-02-03T06:57:10,9.6,37.5,1005.4
2026-02-03T07:40:10,9.5,35.7,1005.7
2026-02-03T08:07:10,9.4,36.3,1005.9
2026-02-03T08:37:10,9.9,41.7,1006.2
2026-02-03T09:10:10,10.1,55.3,1006.3
2026-02-03T09:37:10,9.8,52.4,1006.5
2026-02-03T10:02:11,9.4,52.9,1006.7
2026-02-03T10:35:11,9.3,53.1,1006.8
2026-02-03T11:05:11,9.2,53.1,1006.9
2026-02-03T11:35:10,9.2,50.2,1007.1
2026-02-03T12:05:10,9.4,51.5,1006.9
2026-02-03T12:35:10,9.7,51.3,1006.9
2026-02-03T13:05:11,10.0,54.8,1006.9
2026-02-03T13:35:11,10.5,59.8,1006.8
2026-02-03T14:00:11,11.0,57.6,1006.9
2026-02-03T14:37:10,11.3,56.7,1007.4
2026-02-03T15:17:11,11.9,56.8,1007.5
2026-02-03T15:47:11,12.1,55.6,1007.7
2026-02-03T16:12:12,11.4,58.6,1007.7
2026-02-03T16:37:11,11.2,57.7,1008.0
2026-02-03T17:07:12,11.1,59.0,1008.0
2026-02-03T17:37:10,10.8,58.3,1008.4
2026-02-03T18:07:09,11.0,57.8,1008.6
2026-02-03T18:37:09,11.5,57.0,1009.0
2026-02-03T19:12:09,11.4,58.7,1009.4
2026-02-03T19:40:11,11.5,56.5,1009.7
2026-02-03T20:07:09,11.4,56.8,1009.6
2026-02-03T20:37:10,11.1,57.1,1009.7
2026-02-03T21:12:10,11.2,55.1,1009.9
2026-02-03T21:37:10,11.2,55.1,1010.2
2026-02-03T22:02:13,11.4,56.2,1010.3
2026-02-03T22:35:09,11.3,58.3,1010.6
2026-02-03T23:02:10,11.6,55.0,1010.5
2026-02-03T23:35:11,11.3,57.0,1010.7
2026-02-04T00:00:11,11.2,52.3,1010.6
2026-02-04T00:32:10,10.8,51.5,1010.9
2026-02-04T01:00:10,10.5,50.7,1011.1
2026-02-04T01:32:10,10.3,48.6,1010.9
2026-02-04T01:57:11,10.0,53.6,1010.9
2026-02-04T02:47:12,9.8,55.0,1011.0
2026-02-04T03:25:09,9.8,54.3,1010.7
2026-02-04T04:47:10,10.1,52.9,1011.1
2026-02-04T05:40:10,9.9,53.1,1010.3
2026-02-04T06:22:10,10.4,50.3,1010.0
2026-02-04T07:12:10,10.1,43.1,1010.4
2026-02-04T07:40:09,10.3,43.9,1010.6
2026-02-04T08:07:10,10.8,53.5,1010.8
2026-02-04T08:37:08,10.7,54.7,1010.9
2026-02-04T09:10:10,10.6,53.0,1010.7
2026-02-04T09:37:10,10.4,51.9,1010.7
2026-02-04T10:02:11,10.1,51.5,1010.5
2026-02-04T10:35:10,10.1,52.7,1010.7
2026-02-04T11:05:10,10.2,52.6,1010.6
2026-02-04T11:37:10,10.3,52.4,1010.3
2026-02-04T12:05:10,10.9,55.6,1010.0
2026-02-04T12:35:10,10.9,57.7,1010.0
2026-02-04T13:05:11,11.3,57.5,1009.9
2026-02-04T13:35:09,11.3,56.9,1009.1
2026-02-04T13:57:09,11.5,57.1,1009.0
2026-02-04T14:37:11,11.9,58.1,1009.0
2026-02-04T15:17:11,11.3,56.5,1008.8
2026-02-04T15:47:11,10.6,57.7,1008.5
2026-02-04T16:10:09,10.3,57.3,1008.4
2026-02-04T16:37:10,9.9,56.8,1008.1
2026-02-04T17:05:11,9.7,56.9,1008.0
2026-02-04T17:37:10,10.6,57.0,1007.9
2026-02-04T18:05:10,10.2,57.0,1008.1
2026-02-04T18:37:11,11.2,57.3,1008.1
2026-02-04T19:10:10,11.9,56.8,1007.9
2026-02-04T19:37:11,12.2,61.0,1007.9
2026-02-04T20:05:08,11.8,61.0,1007.4
2026-02-04T20:37:10,11.9,58.3,1007.3
2026-02-04T21:10:11,11.5,59.7,1007.3
2026-02-04T21:35:11,11.6,59.3,1007.1
2026-02-04T22:00:12,12.0,57.1,1007.0
2026-02-04T22:35:10,11.6,60.4,1006.7
2026-02-04T23:02:11,11.6,59.7,1006.6
2026-02-04T23:35:11,11.5,58.7,1006.3
2026-02-04T23:57:12,11.6,58.5,1006.2
2026-02-05T00:32:10,11.2,59.6,1006.1
2026-02-05T00:57:11,11.3,58.2,1005.9
2026-02-05T01:32:10,10.8,58.1,1005.7
2026-02-05T01:57:11,10.5,58.0,1005.7
2026-02-05T02:52:10,10.3,58.1,1005.2
2026-02-05T04:05:11,10.3,58.1,1004.8
2026-02-05T05:17:10,10.4,56.9,1004.3
2026-02-05T06:10:10,10.3,57.0,1004.0
2026-02-05T06:57:11,10.2,56.5,1003.8
2026-02-05T07:42:10,10.3,57.4,1003.8
2026-02-05T08:10:11,10.6,59.1,1004.0
2026-02-05T08:40:10,10.5,59.1,1004.0
2026-02-05T09:12:09,10.4,58.0,1004.1
2026-02-05T09:40:11,10.8,57.3,1004.0
2026-02-05T10:02:10,10.9,56.9,1004.0
2026-02-05T10:35:11,11.1,56.4,1003.9
2026-02-05T11:07:09,11.2,56.3,1003.7
2026-02-05T11:37:10,11.7,55.3,1003.7
2026-02-05T12:07:11,12.7,53.9,1003.4
2026-02-05T12:35:10,13.0,53.3,1003.1
2026-02-05T13:07:10,13.2,52.7,1002.9
2026-02-05T13:35:10,12.6,57.3,1002.5
2026-02-05T14:00:10,13.2,57.5,1002.2
2026-02-05T14:37:10,12.9,58.3,1002.0
2026-02-05T15:17:11,13.3,56.8,1001.9
2026-02-05T15:50:09,13.7,56.1,1001.7
2026-02-05T16:12:12,13.5,57.9,1001.7
2026-02-05T16:37:10,13.5,57.2,1001.6
2026-02-05T17:07:11,13.8,56.4,1001.4
2026-02-05T17:37:10,13.2,59.7,1001.3
2026-02-05T18:05:12,13.1,60.4,1001.3
2026-02-05T18:37:11,12.8,61.4,1001.3
2026-02-05T19:10:09,12.6,61.0,1001.1
2026-02-05T19:37:10,12.3,60.8,1000.9
2026-02-05T20:07:10,12.5,59.5,1000.9
2026-02-05T20:37:10,12.8,59.9,1000.7
2026-02-05T21:07:09,13.2,60.2,1000.5
2026-02-05T21:35:10,13.1,61.3,1000.3
2026-02-05T22:00:10,13.2,60.5,1000.2
2026-02-05T22:35:10,12.9,61.6,999.7
2026-02-05T23:02:10,12.7,61.1,999.6
2026-02-05T23:35:10,12.6,60.5,999.5
2026-02-05T23:57:10,12.6,60.1,999.2
2026-02-06T00:32:11,12.7,59.0,998.7
2026-02-06T00:57:11,12.8,57.8,998.6
2026-02-06T01:32:10,12.3,58.5,998.5
2026-02-06T01:57:10,11.9,58.5,998.3
2026-02-06T02:47:11,11.4,60.0,998.1
2026-02-06T03:27:12,11.4,59.8,997.3
2026-02-06T04:47:09,11.7,58.4,997.0
2026-02-06T05:40:12,11.8,58.3,996.4
2026-02-06T06:27:10,11.6,58.8,996.2
2026-02-06T07:17:10,11.6,57.0,996.1
2026-02-06T07:42:10,11.7,56.3,996.0
2026-02-06T08:07:10,12.2,59.4,996.0
2026-02-06T08:37:12,11.7,60.9,995.7
2026-02-06T09:12:09,11.4,60.3,995.6
2026-02-06T09:37:10,11.5,59.1,995.7
2026-02-06T10:02:10,11.7,57.4,995.7
2026-02-06T10:35:10,11.8,57.4,995.5
2026-02-06T11:05:11,11.7,51.9,995.3
2026-02-06T11:35:10,12.3,54.7,994.9
2026-02-06T12:05:10,12.5,57.4,994.6
2026-02-06T12:35:10,12.7,58.4,994.1
2026-02-06T13:05:10,12.7,58.5,993.6
2026-02-06T13:35:10,12.4,58.6,993.4
2026-02-06T13:57:10,12.5,57.8,993.3
2026-02-06T14:37:10,13.5,55.5,992.8
2026-02-06T15:17:10,13.8,56.6,992.8
2026-02-06T15:47:11,14.2,55.2,992.9
2026-02-06T16:10:10,14.5,54.8,992.7
2026-02-06T16:35:10,14.2,56.1,992.6
2026-02-06T17:05:10,13.7,56.1,992.5
2026-02-06T17:35:11,13.3,56.3,992.7
2026-02-06T18:05:12,13.3,57.8,992.8
2026-02-06T18:37:09,13.3,56.7,992.8
2026-02-06T19:07:10,13.8,55.2,992.5
2026-02-06T19:37:11,14.2,56.4,992.2
2026-02-06T20:05:10,14.0,56.4,992.1
2026-02-06T20:37:11,14.1,57.3,991.7
2026-02-06T21:07:10,13.7,57.1,991.6
2026-02-06T21:35:11,13.7,57.2,991.6
2026-02-06T22:00:11,13.5,56.9,991.6
2026-02-06T22:35:09,13.4,59.6,991.5
2026-02-06T23:00:10,13.4,57.9,991.3
2026-02-06T23:32:10,13.4,61.4,991.1
2026-02-06T23:57:09,13.2,61.3,991.1
2026-02-07T00:32:11,12.9,61.8,990.9
2026-02-07T00:57:10,12.8,59.8,990.9
2026-02-07T01:32:10,12.8,59.2,990.9
2026-02-07T01:57:10,12.5,58.7,990.7
2026-02-07T02:47:10,12.3,58.6,990.5
2026-02-07T03:27:11,12.4,57.4,990.2
2026-02-07T04:47:10,12.1,57.7,990.1
2026-02-07T05:37:09,12.0,57.4,989.7
2026-02-07T06:22:10,11.9,57.1,989.5
2026-02-07T07:12:09,11.9,56.6,989.5
2026-02-07T07:37:10,11.9,56.3,989.6
2026-02-07T08:02:10,12.1,56.3,989.8
2026-02-07T08:35:10,12.0,55.8,989.9
2026-02-07T09:05:09,12.0,55.8,989.9
2026-02-07T09:32:11,11.8,55.7,990.0
2026-02-07T09:57:11,11.7,56.0,989.9
2026-02-07T10:35:10,11.9,56.2,989.9
2026-02-07T11:00:12,11.9,55.7,989.9
2026-02-07T11:32:09,12.1,57.1,989.8
2026-02-07T11:57:10,12.9,61.7,989.6
2026-02-07T12:35:11,12.8,63.4,989.3
2026-02-07T12:57:10,13.4,61.2,989.4
2026-02-07T13:30:10,13.0,59.7,989.4
2026-02-07T13:55:10,12.8,59.9,989.2
2026-02-07T14:35:10,12.8,58.9,989.2
2026-02-07T15:12:10,12.6,60.2,989.2
2026-02-07T15:37:11,13.0,61.5,989.4
2026-02-07T16:00:10,13.0,60.8,989.6
2026-02-07T16:32:11,12.8,61.0,989.8
2026-02-07T16:57:09,12.6,61.2,989.8
2026-02-07T17:32:10,12.7,59.9,989.9
2026-02-07T17:57:11,12.8,58.7,989.8
2026-02-07T18:35:09,12.7,58.9,990.1
2026-02-07T19:00:11,12.8,59.5,990.3
2026-02-07T19:32:11,12.8,63.1,990.3
2026-02-07T19:57:09,13.0,63.0,990.3
2026-02-07T20:35:14,13.1,64.2,990.2
2026-02-07T21:02:11,13.6,62.8,990.4
2026-02-07T21:32:09,13.8,62.5,990.5
2026-02-07T21:55:11,13.3,62.6,990.5
2026-02-07T22:32:10,13.2,61.9,990.4
2026-02-07T22:57:09,13.3,63.2,990.4
2026-02-07T23:32:09,13.9,61.4,990.3
2026-02-07T23:57:09,13.4,62.2,990.1
2026-02-08T00:32:10,13.4,65.4,990.1
2026-02-08T01:00:09,13.3,63.6,990.2
2026-02-08T01:35:10,13.1,63.0,990.2
2026-02-08T02:00:10,13.0,62.5,990.2
2026-02-08T03:05:10,12.8,61.2,990.2
2026-02-08T04:05:10,12.6,60.1,990.3
2026-02-08T05:30:10,12.5,59.1,990.4
2026-02-08T06:40:11,12.4,58.3,990.6
2026-02-08T07:20:11,12.4,58.1,991.1
2026-02-08T08:10:10,12.4,57.4,991.3
2026-02-08T08:37:10,12.3,57.7,991.3
2026-02-08T09:07:10,12.2,58.2,991.7
2026-02-08T09:35:10,12.1,58.3,991.8
2026-02-08T09:57:10,12.1,57.6,992.1
2026-02-08T10:35:10,12.1,58.4,992.3
2026-02-08T11:00:10,12.2,58.2,992.5
2026-02-08T11:32:10,13.2,61.3,992.7
2026-02-08T11:57:09,13.2,62.3,993.0
2026-02-08T12:32:10,13.4,62.9,993.1
2026-02-08T12:57:10,13.7,60.6,993.1
2026-02-08T13:32:11,13.5,60.5,993.2
2026-02-08T13:55:09,13.5,60.6,993.4
2026-02-08T14:35:11,14.0,60.2,993.8
2026-02-08T15:12:08,14.5,59.9,994.2
2026-02-08T15:37:09,14.0,61.7,994.5
2026-02-08T16:02:11,14.3,65.3,994.7
2026-02-08T16:32:10,14.1,64.5,994.9
2026-02-08T16:57:10,13.8,64.0,995.1
2026-02-08T17:32:10,13.6,63.7,995.7
2026-02-08T17:57:09,13.5,65.3,995.9
2026-02-08T18:35:10,13.6,63.3,996.4
2026-02-08T19:00:12,13.6,65.4,996.8
2026-02-08T19:32:10,14.1,66.0,997.6
2026-02-08T19:57:09,14.0,65.0,998.0
2026-02-08T20:35:10,13.6,63.4,998.8
2026-02-08T21:02:11,14.0,62.5,999.2
2026-02-08T21:32:12,14.0,63.9,999.4
2026-02-08T21:55:10,14.4,63.6,999.6
2026-02-08T22:32:11,14.4,64.9,1000.0
2026-02-08T22:57:11,14.1,63.8,1000.2
2026-02-08T23:32:11,14.0,64.4,1000.6
2026-02-08T23:57:10,13.8,63.7,1000.9
2026-02-09T00:32:09,13.7,62.1,1001.3
2026-02-09T01:00:10,13.4,62.0,1001.6
2026-02-09T01:35:11,13.0,61.8,1001.9
2026-02-09T01:57:10,12.9,61.2,1001.9
2026-02-09T02:52:09,12.7,61.8,1002.5
2026-02-09T04:05:11,12.7,60.5,1003.0
2026-02-09T05:22:10,12.6,58.4,1003.7
2026-02-09T06:35:10,12.6,58.2,1004.4
2026-02-09T07:22:11,12.6,56.1,1005.0
2026-02-09T08:45:11,12.6,59.9,1005.8
2026-02-09T09:17:10,12.3,57.6,1006.0
2026-02-09T09:42:10,12.1,56.0,1006.2
2026-02-09T10:05:11,12.0,55.5,1006.2
2026-02-09T10:37:10,12.2,54.5,1006.3
2026-02-09T11:10:10,12.3,53.3,1006.5
2026-02-09T11:42:11,12.4,52.4,1006.4
2026-02-09T12:12:10,13.7,62.2,1006.4
2026-02-09T12:40:10,13.7,62.5,1006.4
2026-02-09T13:10:10,14.0,67.3,1006.3
2026-02-09T13:37:10,14.0,64.3,1006.3
2026-02-09T14:02:10,14.1,62.5,1006.0
2026-02-09T14:37:10,14.5,60.6,1005.9
2026-02-09T15:20:08,15.0,61.7,1005.9
2026-02-09T15:55:10,14.9,61.1,1006.1
2026-02-09T16:40:10,14.4,61.5,1006.1
2026-02-09T17:12:11,14.0,61.9,1006.2
2026-02-09T17:40:11,14.1,62.4,1006.4
2026-02-09T18:12:11,14.1,63.7,1006.5
2026-02-09T19:12:10,14.2,60.1,1006.7
2026-02-09T19:37:10,14.4,59.4,1006.5
2026-02-09T20:07:11,14.3,59.1,1006.5
2026-02-09T20:37:10,14.5,61.5,1006.4
2026-02-09T21:20:12,14.9,64.1,1006.4
2026-02-09T22:05:11,14.0,64.8,1006.6
2026-02-09T22:35:09,14.0,62.9,1006.5
2026-02-09T23:05:11,13.8,65.7,1006.7
2026-02-09T23:35:11,13.9,64.7,1006.8
2026-02-10T00:05:12,13.9,61.3,1006.7
2026-02-10T00:35:10,13.6,61.8,1006.4
2026-02-10T01:05:11,13.4,62.5,1006.4
2026-02-10T01:35:10,13.2,61.6,1006.3
2026-02-10T02:02:10,13.5,61.6,1006.4
2026-02-10T03:00:11,13.6,62.6,1006.3
2026-02-10T04:00:11,13.7,61.5,1006.0
2026-02-10T08:15:12,12.7,58.3,1004.6
2026-02-10T08:45:10,12.3,53.4,1004.5
2026-02-10T09:17:09,12.0,50.5,1004.5
2026-02-10T09:45:09,11.8,50.6,1004.5
2026-02-10T10:07:10,11.7,53.6,1004.3
2026-02-10T10:37:10,12.6,60.3,1004.3
2026-02-10T11:12:09,13.2,60.1,1004.0
2026-02-10T11:42:09,13.6,60.5,1003.8
2026-02-10T12:12:09,13.7,60.2,1003.4
2026-02-10T12:40:09,13.7,62.6,1003.0
2026-02-10T13:12:12,14.1,62.8,1002.5
2026-02-10T13:37:09,14.4,62.2,1002.1
2026-02-10T14:05:10,13.6,55.5,1001.6
2026-02-10T14:37:10,13.4,46.9,1001.5
2026-02-10T15:20:10,14.7,55.8,1000.9
2026-02-10T15:57:10,14.9,56.8,1000.5
2026-02-10T16:42:11,14.8,59.7,1000.0
2026-02-10T17:15:11,14.3,59.3,999.7
2026-02-10T17:45:10,13.8,60.0,999.4
2026-02-10T18:15:08,13.6,60.4,999.3
2026-02-10T18:42:09,14.2,59.7,999.3
2026-02-10T19:15:10,14.5,61.4,998.9
2026-02-10T19:42:10,14.1,65.0,998.6
2026-02-10T20:12:10,14.1,63.6,998.5
2026-02-10T20:42:10,13.9,65.9,998.2
2026-02-10T21:17:10,14.1,63.9,997.8
2026-02-10T21:47:09,14.3,65.2,997.6
2026-02-10T22:07:10,14.3,64.2,997.5
2026-02-10T22:35:11,13.9,63.7,997.3
2026-02-10T23:07:12,13.6,65.2,997.0
2026-02-10T23:35:10,13.8,63.9,996.5
2026-02-11T00:05:11,13.5,64.2,996.2
2026-02-11T00:35:11,13.7,62.9,995.7
2026-02-11T01:05:11,13.9,60.0,995.4
2026-02-11T01:35:09,13.3,61.6,995.3
2026-02-11T02:02:09,12.9,61.2,994.9
2026-02-11T02:57:09,12.9,60.4,994.1
2026-02-11T04:05:10,12.9,61.6,993.1
2026-02-11T05:25:10,13.0,60.9,992.6
2026-02-11T06:37:10,13.1,63.2,992.1
2026-02-11T07:22:10,13.0,63.9,992.2
2026-02-11T08:15:10,13.3,63.3,991.7
2026-02-11T08:42:10,13.0,64.2,991.7
2026-02-11T09:15:11,12.7,62.7,991.5
2026-02-11T09:42:10,12.6,62.0,991.4
2026-02-11T10:05:10,12.4,62.3,991.3
2026-02-11T10:37:10,12.6,62.6,991.3
2026-02-11T11:07:10,12.7,62.1,991.1
2026-02-11T11:37:09,13.2,61.5,990.8
2026-02-11T12:10:11,13.5,63.4,990.3
2026-02-11T12:37:11,14.1,63.9,989.9
2026-02-11T13:10:10,14.2,64.5,989.7
2026-02-11T13:37:11,14.4,63.5,989.5
2026-02-11T14:02:10,14.2,63.4,989.0
2026-02-11T14:37:10,14.2,62.0,988.7
2026-02-11T15:20:11,14.2,61.9,988.4
2026-02-11T15:55:10,14.4,62.8,988.1
2026-02-11T16:40:11,14.2,64.0,988.0
2026-02-11T17:12:10,14.1,63.8,987.8
2026-02-11T17:42:10,13.8,63.7,987.8
2026-02-11T18:12:12,14.0,63.8,987.6
2026-02-11T18:42:09,14.3,64.6,987.4
2026-02-11T19:15:10,14.4,68.2,987.2
2026-02-11T19:42:10,14.5,68.3,987.0
2026-02-11T20:10:08,14.4,64.7,986.6
2026-02-11T20:40:10,14.8,67.0,986.3
2026-02-11T21:17:11,15.2,65.8,986.0
2026-02-11T21:42:12,14.8,65.4,985.8
2026-02-11T22:02:10,14.7,66.9,985.5
2026-02-11T22:35:11,15.0,67.8,985.4
2026-02-11T23:05:10,14.7,67.1,985.1
2026-02-11T23:35:10,14.6,68.2,984.5
2026-02-12T00:00:12,15.1,70.2,984.2
2026-02-12T00:32:09,15.0,69.2,983.7
2026-02-12T01:02:10,15.1,67.6,983.4
2026-02-12T01:35:11,15.0,67.0,983.4
2026-02-12T01:57:10,14.9,66.5,983.2
2026-02-12T02:52:11,14.7,69.2,981.9
2026-02-12T04:05:09,14.3,70.6,980.9
2026-02-12T05:22:10,14.1,68.3,980.3
2026-02-12T06:35:11,13.6,70.0,979.8
2026-02-12T07:22:10,13.3,70.1,979.8
2026-02-12T08:12:10,13.5,70.4,979.6
2026-02-12T08:42:11,13.5,73.0,979.6
2026-02-12T09:15:09,13.5,73.7,979.6
2026-02-12T09:40:11,13.4,74.3,979.3
2026-02-12T10:02:11,13.3,73.9,979.3
2026-02-12T10:37:11,13.2,73.0,979.1
2026-02-12T11:07:10,13.1,72.5,979.3
2026-02-12T11:37:11,13.1,72.1,979.0
2026-02-12T12:07:10,13.2,72.4,978.6
2026-02-12T12:37:10,13.3,72.3,978.6
2026-02-12T13:07:11,13.2,72.0,978.3
2026-02-12T13:35:10,13.4,70.9,978.2
2026-02-12T14:02:10,13.2,72.0,977.9
2026-02-12T14:37:10,13.4,71.5,977.9
2026-02-12T15:20:10,13.6,71.5,978.0
2026-02-12T15:52:10,13.3,72.6,978.0
